{"cameraMode":{"drawMode":0,"name":"Shaded","section":"Shading Mode"},"sceneLighting":true,"audioPlay":false,"sceneViewState":{"m_AlwaysRefresh":false,"showFog":true,"showSkybox":true,"showFlares":true,"showImageEffects":true,"showParticleSystems":true,"showVisualEffectGraphs":true,"m_FxEnabled":true},"in2DMode":false,"pivot":{"x":-7.894838809967041,"y":0.8293979167938232,"z":-8.250761985778809},"rotation":{"x":-0.47847095131874087,"y":0.001352442428469658,"z":-0.0007314389804378152,"w":-0.8781333565711975},"size":15.83771800994873,"orthographic":true}