{"cameraMode":{"drawMode":0,"name":"Shaded","section":"Shading Mode"},"sceneLighting":true,"audioPlay":false,"sceneViewState":{"m_AlwaysRefresh":false,"showFog":true,"showSkybox":true,"showFlares":true,"showImageEffects":true,"showParticleSystems":true,"showVisualEffectGraphs":true,"m_FxEnabled":true},"in2DMode":false,"pivot":{"x":-1.3877142667770386,"y":0.28637242317199709,"z":-8.313691139221192},"rotation":{"x":-0.30207881331443789,"y":-0.014252961613237858,"z":0.004552774131298065,"w":-0.9532020092010498},"size":5.562448978424072,"orthographic":true}