{"cameraMode":{"drawMode":0,"name":"Shaded","section":"Shading Mode"},"sceneLighting":true,"audioPlay":false,"sceneViewState":{"m_AlwaysRefresh":false,"showFog":true,"showSkybox":true,"showFlares":true,"showImageEffects":true,"showParticleSystems":true,"showVisualEffectGraphs":true,"m_FxEnabled":true},"in2DMode":false,"pivot":{"x":-1.6673603057861329,"y":2.3148651123046877,"z":1.4293227195739747},"rotation":{"x":-0.23076920211315156,"y":0.7247508764266968,"z":-0.28730806708335879,"w":-0.5822153091430664},"size":7.569459915161133,"orthographic":true}