{"cameraMode":{"drawMode":0,"name":"Shaded","section":"Shading Mode"},"sceneLighting":true,"audioPlay":false,"sceneViewState":{"m_AlwaysRefresh":false,"showFog":true,"showSkybox":true,"showFlares":true,"showImageEffects":true,"showParticleSystems":true,"showVisualEffectGraphs":true,"m_FxEnabled":true},"in2DMode":false,"pivot":{"x":4.797385215759277,"y":-0.3545827865600586,"z":-7.172779083251953},"rotation":{"x":0.015082031488418579,"y":-0.924773097038269,"z":0.03692672774195671,"w":0.37849169969558718},"size":18.376365661621095,"orthographic":true}