{"cameraMode":{"drawMode":0,"name":"Shaded","section":"Shading Mode"},"sceneLighting":true,"audioPlay":false,"sceneViewState":{"m_AlwaysRefresh":false,"showFog":true,"showSkybox":true,"showFlares":true,"showImageEffects":true,"showParticleSystems":true,"showVisualEffectGraphs":true,"m_FxEnabled":true},"in2DMode":false,"pivot":{"x":-1.3417023420333863,"y":0.8295838832855225,"z":-7.8163957595825199},"rotation":{"x":-0.3934323191642761,"y":0.013826027512550354,"z":-0.005912885069847107,"w":-0.9192624688148499},"size":5.562448978424072,"orthographic":true}