{"cameraMode":{"drawMode":0,"name":"Shaded","section":"Shading Mode"},"sceneLighting":true,"audioPlay":false,"sceneViewState":{"m_AlwaysRefresh":false,"showFog":true,"showSkybox":true,"showFlares":true,"showImageEffects":true,"showParticleSystems":true,"showVisualEffectGraphs":true,"m_FxEnabled":true},"in2DMode":false,"pivot":{"x":5.644253730773926,"y":-4.751684188842773,"z":-6.288373947143555},"rotation":{"x":0.4002068340778351,"y":-0.02502773143351078,"z":0.010934809222817421,"w":0.9160372614860535},"size":13.648699760437012,"orthographic":true}